no,element,type,expected,actual,file,api_logic,db_impact,status,notes
1,Add KOL (shell + Creator Database),Button,Buka alur tambah KOL dan simpan creator baru,"Membuka modal, memvalidasi handle lewat /check, lalu POST menulis 3 tabel dan memulai scrape latar",DiscoverWorkspace.tsx:376 · KolDirectoryPage.tsx:603 · AddKolDirectoryModal.tsx,POST /api/kol-directory/add/check → POST /api/kol-directory/add → polling GET .../status,INSERT `kol_directory` + `social_account` + `kol_social_account` (DB KOL),YES,"Alur paling lengkap di seluruh Discovery: cek duplikat, reuse baris lama yang belum ter-scrape, progres di-poll. Satu catatan: resolusi agency best-effort karena `public.user` masih kosong, jadi insert ke `agency_kol_accounts` dilewati."
2,"Favorite (ikon hati, kartu creator)",Icon Toggle,Menandai creator sebagai favorit dan menyimpannya,Mengubah `useState` biasa dan menampilkan toast. Hilang saat refresh atau pindah view. Tidak ada layar/filter yang membacanya,"KolDirectoryPage.tsx:266, 557, 981",No API — state komponen murni,Tidak ada,UI ONLY,"`favorites` di baris 266 adalah `useState<Set<string>>(new Set())` tanpa efek persistensi apa pun — `grep localStorage` di file ini hanya menemukan saved lists dan compare. Hook `useDiscoverSelection(orgId,'fav')` yang justru dibuat untuk ini sudah ada dan dipakai Tracked Accounts sebagai 'bookmarks', tapi tidak dipakai di sini. Hitungan '· N favorites' di baris 590 selalu kembali 0 setiap kali halaman dimuat ulang."
3,Quick Insight — Shortlist,Action Button,Menambahkan creator ke shortlist,Menoggle `favorites` — set yang sama persis dengan tombol Favorite di kartu,KolDirectoryPage.tsx:912-917 · CreatorQuickInsight.tsx:265,No API,Tidak ada,UI ONLY,"Satu state, dua nama: kartu menyebutnya 'favorit' (toast: 'Ditambahkan ke favorit'), panel menyebutnya 'shortlist' (toast: 'Ditambahkan ke shortlist'). Keduanya sama-sama tidak persisten. Nama 'shortlist' juga dipakai Tracked Accounts untuk hal berbeda (bucket `compare` yang persisten)."
4,Add to compare (kartu + bulk),Icon Toggle / Button,Menambahkan creator ke perbandingan,Menulis ke localStorage bucket `compare` per org; tab Compare membacanya dan mengambil datanya lewat `?ids=`,"KolDirectoryPage.tsx:982, 860 · useDiscoverSelection.ts","GET /discover/kol-directory?ids=<uuid,…>","Tidak ada tulis DB; baca via `?ids=` (maks 50, tervalidasi UUID)",YES,"Bertahan antar layar dan antar reload, per org. Id roster disimpan berprefiks `roster:` supaya tidak tertukar dengan id akun warehouse."
5,Add to cart (kartu + Quick Insight),Icon Toggle / Button,Menambahkan creator ke keranjang order,"Kalau creator sudah punya harga org → masuk keranjang. Kalau belum → membuka modal harga, bukan gagal diam","KolDirectoryPage.tsx:495-510, 984",Baca GET /discover/rates; simpan di localStorage,Tidak menulis; harga dihitung ulang server saat checkout,PARTIAL,"Logikanya benar, tapi `public.discover_roster_rate_cards` hanya berisi 2 baris untuk seluruh instalasi — jadi hampir setiap klik Add to Cart berakhir di modal harga, bukan di keranjang. Bukan bug, tapi jalur 'senang' hampir tidak pernah terjadi."
6,Bulk: Add to Cart,Button,Menambahkan semua creator terpilih ke keranjang,Menambahkan hanya yang sudah berharga; sisanya dilewati diam-diam dengan hitungan di toast,"KolDirectoryPage.tsx:524-540, 861",localStorage cart,Tidak ada,PARTIAL,"Dengan 2 baris harga di seluruh instalasi, memilih 12 creator lalu menekan tombol ini secara praktis menghasilkan '0 masuk keranjang · 12 dilewati karena belum ada harga'. Toast-nya jujur, tapi tidak menawarkan jalan keluar (tidak ada bulk-pricing)."
7,Pricing modal — Simpan,Button (primary),Menyimpan base rate creator untuk org ini,"PUT tervalidasi: id roster dicek keberadaannya dulu, lalu upsert, lalu daftar harga dikembalikan segar",KolDirectoryPage.tsx:1524 · rates/route.ts:59,PUT /api/organizations/[id]/discover/rates,UPSERT `public.discover_roster_rate_cards` (warehouse),MISMATCH,"Tombolnya benar dan menulis dengan aman. Masalahnya lintas-sistem: harga ini masuk ke `discover_roster_rate_cards` di warehouse, sementara filter 'Max. rate card' membaca `l1_silver.unified_rate_card` di database KOL. Jadi setelah user memberi harga, creator itu **tetap** tersaring keluar oleh filter harga, dan kolom 'Rate card' di tabel **tetap** menampilkan '—' karena kolom itu membaca `rateFrom` dari tabel yang kosong."
8,Bulk: Export CSV / Excel,Button ×2,Mengekspor hasil Discovery,Mengunduh file dari baris **terpilih saja**; kalau tidak ada yang dipilih bulk bar tidak muncul sehingga ekspor tidak bisa diakses,"KolDirectoryPage.tsx:862, 865 · exportData.ts",Client-side blob download,Tidak ada,PARTIAL,"Implementasinya bagus — BOM UTF-8, `sep=` eksplisit untuk Excel Indonesia, dan proteksi formula injection (`=`,`+`,`-`,`@` diberi prefix kutip). Tapi tidak ada cara mengekspor seluruh hasil filter: user harus mencentang baris dulu, dan centang hanya bisa di tampilan tabel. Tracked Accounts justru sebaliknya — mengekspor semua hasil filter kalau tidak ada yang dipilih (`DiscoverDirectoryView.tsx:398`). Dua layar, dua arti untuk tombol bernama sama."
9,Compare (toolbar),Button,Membuka tab Compare berisi creator terpilih,Navigasi ke `?tab=compare`; isinya dibaca dari bucket localStorage yang sama,KolDirectoryPage.tsx:596,"router.push(tabHref(orgSlug,'compare'))",Tidak ada,YES,"Berfungsi. Tombol tidak dinonaktifkan saat belum ada yang dipilih, jadi bisa membuka tab Compare kosong — minor."
10,"Find similar (kartu, tabel, hub)",Icon Button,Mencari creator serupa dengan acuan ini,"Navigasi ke Smart Discovery dengan `?creator=<id>&refsrc=roster`, lalu layar itu memuat acuannya sendiri","KolDirectoryPage.tsx:990, 1213 · DiscoverWorkspace.tsx:202",GET /discover/kol-directory?ids= lalu GET /discover/creators/similar,Baca dari DB KOL + warehouse,YES,"Alur lengkap dan benar, termasuk membedakan acuan dari roster (`refsrc=roster`) dan dari creator org."
11,Quick Insight (buka kartu creator),Card click → Panel,Menampilkan ringkasan creator,Panel terbuka **tanpa satu pun network request**; seluruh isinya dihitung dari `sampleIntel(creator)`,"KolDirectoryPage.tsx:556, 909 · CreatorQuickInsight.tsx:60",No API — `sampleIntel()` dari kolSample.ts,Tidak ada,PARTIAL,"Followers, ER, dan Tier ditandai `real` dan memang datang dari baris roster. Tapi tiga section penuh — Audience, Content, Brand fit — ditandai `modelled` dan seluruhnya dihasilkan generator ber-seed, termasuk 'Konten terbaik' yang menampilkan judul post beserta angka views dan ER yang tidak pernah ada. Blok rate card di baris 168 tidak pernah tampil karena `s.rateFrom` selalu null."
12,Saved lists (simpan / terapkan / hapus),Button + Dropdown,Menyimpan kombinasi pencarian & filter,Menulis dan membaca `localStorage['autometric.kolDirectory.lists.<orgId>']`; menerapkan set filter kembali dengan benar,"KolDirectoryPage.tsx:313-323, 692-724",No API,Tidak ada,PARTIAL,"Berfungsi penuh dalam satu browser. Hilang saat ganti perangkat/browser atau clear site data, dan tidak bisa dibagi ke rekan tim. Tracked Accounts punya mekanisme serupa dengan key berbeda (`autometric:discover:lists:<orgId>`) yang juga tidak dibagi — dua daftar tersimpan yang tidak saling kenal."
13,Pagination (Creator Database),Buttons,Pindah halaman hasil,Mengirim `page=` ke API; total dihitung server dengan `COUNT(*) OVER()` di round trip yang sama,KolDirectoryPage.tsx:840 · kolDirectory.ts:298,GET …?page=&pageSize=12,Query DB KOL,YES,Server-side dan benar. Pilihan checkbox bertahan lintas halaman karena disimpan sebagai Map.
14,Pagination (Tracked Accounts),Buttons,Pindah halaman hasil,Memotong array hasil di memori; seluruh roster org sudah di-fetch sekali di awal,DiscoverDirectoryView.tsx:565,Tidak ada request per halaman,Tidak ada,YES,Aman untuk skala saat ini (53 akun di 23 org). Pola ini akan gagal kalau sumbernya diganti ke roster 7.720.
15,View toggle Card / Table (2 layar),Segmented Button,Mengganti tampilan daftar,"Berganti seketika; di Creator Database state-nya tidak persisten, di Tracked Accounts ikut tersimpan di filter",KolDirectoryPage.tsx:779 · DiscoverDirectoryView.tsx:476,No API,Tidak ada,PARTIAL,"Di Creator Database, checkbox bulk hanya ada di tampilan tabel — sehingga Export dan semua aksi bulk tidak bisa diakses sama sekali dari tampilan kartu, yang merupakan tampilan default."
16,Column chooser (2 layar),Checkbox list,Memilih kolom tabel yang tampil,Berfungsi; Tracked Accounts menyimpan sebagai daftar kolom yang **disembunyikan** agar kolom baru tetap muncul untuk semua orang,KolDirectoryPage.tsx:758 · DiscoverDirectoryView.tsx:457,No API,Tidak ada,PARTIAL,Creator Database menyimpan pilihan sebagai state komponen (hilang saat pindah view); Tracked Accounts menyimpannya di filter yang persisten. Kolom 'Rate card' di Creator Database selalu '—' karena membaca tabel kosong.
17,Refresh creator (My Creators),Button,Menjalankan ulang profiling satu creator,"POST nyata, lalu daftar dimuat ulang dan dipoll tiap 4 detik selama masih berjalan",CreatorRoster.tsx:167,POST /discover/creators/[id]/refresh,"Tulis `discover_creator_runs`, update `discover_creators` (warehouse)",YES,"Termasuk sapuan `expireStaleRuns()` di endpoint list, sehingga run yang prosesnya mati tidak menggantung selamanya di status 'profiling'."
18,Monitoring toggle (My Creators),Toggle,Menyalakan/mematikan monitoring creator,"PATCH nyata, daftar dimuat ulang setelahnya",CreatorRoster.tsx:181,PATCH /discover/creators/[id],UPDATE `discover_creators.monitoring_enabled` (warehouse),YES,Berfungsi penuh.
19,Bookmark / Shortlist (Tracked Accounts),Icon Toggle + Bulk,Menandai akun untuk ditinjau nanti,Menulis ke localStorage bucket `fav` dan `compare`; bertahan antar reload,"DiscoverDirectoryView.tsx:264-265, 519, 522, 756",No API,Tidak ada,PARTIAL,"Persisten, tapi tidak ada satu pun filter atau layar yang menampilkan 'hanya yang di-bookmark'. `DEFAULT_FILTERS` tidak punya field bookmark. Jadi setelah menandai 20 akun, tidak ada cara memanggilnya kembali selain memindai daftar dan melihat ikonnya."
20,"Add to campaign (Tracked Accounts, bulk)",Button,Mengirim akun terpilih ke alur ordering,Menambahkan id ke bucket shortlist lalu navigasi ke `?tab=order&view=ordering`,DiscoverDirectoryView.tsx:526 · DiscoverWorkspace.tsx:466,No API di titik ini,Tidak ada,YES,Berfungsi; alur ordering yang membaca shortlist-nya.
21,Find similar — Jalankan (Smart Discovery),Button (primary),Mencari kandidat serupa,"GET nyata dengan constraint; skor kemiripan dihitung server dari tier, platform, kategori, kota","SmartDiscovery.tsx:413, 243",GET /discover/creators/similar?ref=&source=&platform=&city=&tier=&maxRate=&cheaper=,Baca `kol_directory` (KOL) + `discover_creators` (warehouse),PARTIAL,"Mesin kemiripannya nyata dan skornya beralasan. Tapi tiga dari lima constraint-nya (Location, Rate card, Lower price) tidak punya data sama sekali — memasang salah satunya menghasilkan 0 kandidat atau tidak berefek."
22,Shelf action + kartu (Hub),Button / Card,Membuka shelf lengkap atau creator,"Navigasi benar; shelf diisi dari 3 query terpisah (`sort=created`, similar, populer)","DiscoverHub.tsx:89, 111, 121, 221",GET /discover/kol-directory + /discover/creators/similar,Baca DB KOL,YES,Berfungsi. Shelf 'Recommended' memakai kunci sort `created` yang tidak diekspos di dropdown Sort mana pun.
23,Search box Hub,Text Input,Mengirim query ke Creator Database lewat `?q=`,"**Tidak ada di UI.** `page.tsx` membaca, memangkas, dan membatasi `?q=` sampai 200 karakter, lalu men-seed-nya ke dua state agar tidak memicu dua request — tapi tidak ada satu pun komponen yang menulis parameter itu",DiscoverWorkspace.tsx:138 (komentar) · discover/page.tsx:98,"Jalur ada, penulis tidak ada",Tidak ada,NOT AVAILABLE,"Komentar di `DiscoverWorkspace.tsx:138` berbunyi '`?q=` — what the hub\'s search box was submitted with', dan `DiscoverHub.tsx` tidak punya satu pun elemen `<input>`. Pencarian dari beranda Discovery hanya bisa dilakukan dengan mengetik URL sendiri. Parameter `?url=` (seed input Add KOL) juga tidak punya penulis di UI mana pun."
24,Reset / Clear filters (semua layar),Button,Mengembalikan filter ke default,Berfungsi di keempat layar; Creator Database juga mereset halaman ke 1 dan membatalkan preset,"KolDirectoryPage.tsx:688, 393-395 · DiscoverDirectoryView.tsx:417 · CreatorRoster.tsx:271",No API (memicu ulang fetch lewat perubahan state),Tidak ada,YES,`resetAll()` di Creator Database juga mengosongkan kotak pencarian — perilaku yang benar dan tidak selalu ada di layar lain.
25,"Retry (error state, Creator Database)",Button,Memuat ulang setelah gagal,Menaikkan counter `reload` yang jadi dependensi effect fetch,"KolDirectoryPage.tsx:804, 386",Mengulang GET /discover/kol-directory,Baca DB KOL,YES,"Pesan errornya juga informatif di development (host KOL tidak terjangkau, `PG_*_KOL` hilang, kredensial salah) alih-alih sekadar kode status."
26,Breadcrumb / TabStrip / Sidebar nav,Nav controls,Berpindah antar tab dan view Discovery,"Berfungsi; alias URL lama tetap teratasi lewat `resolveTabParams`, dan tab khusus Admin dijaga di server","DiscoverWorkspace.tsx:347, 400 · tabs.ts:471 · OrgNav.tsx",Navigasi Next.js,Tidak ada,YES,"Proteksi rutenya nyata, bukan sekadar menyembunyikan menu: `mayOpenTab(tab, role)` di `page.tsx` mengalihkan Member yang mengetik URL tab Admin."
