no,requested_username,found_username,status,platform_in_db,also_on_platform,display_name,category,profile_url,verified_roster,verified_measured,followers_roster,followers_measured,following,total_posts_account,engagement_rate_roster_pct,engagement_rate_post_mean_frac,avg_likes_stored,avg_likes_excl_hidden,posts_hidden_likes,avg_comments,avg_views,avg_shares,avg_saves,post_records,posts_analyzed,latest_content,oldest_content,audience_data,gender_female,gender_male,gender_unknown,age_groups,geo_rows,interest_rows,rate_card,reach,profile_snapshot_date,directory_last_refreshed,analytics_last_updated,sync_log_rows,freshness,issue_count,completeness_score
1,@instagram,instagram,Found,instagram,tiktok,Instagram,Lifestyle,https://www.instagram.com/instagram,verified,False,685896635,685896635,274,8556,0.07,UNAVAILABLE,UNAVAILABLE,UNAVAILABLE,0,UNAVAILABLE,UNAVAILABLE,UNAVAILABLE,UNAVAILABLE,0,0,UNAVAILABLE,UNAVAILABLE,NO DATA,NO DATA,NO DATA,NO DATA,NO DATA,0,0,UNAVAILABLE,UNAVAILABLE,2026-08-14,2026-08-14,UNAVAILABLE,0,Aging,7,54
2,@cristiano,cristiano,Found,instagram,NONE,Cristiano Ronaldo,Fitness,https://www.instagram.com/cristiano,verified,False,679264838,679697682,634,4122,2.21,0.01806,13766592,13766592,0,225625,78091457,UNAVAILABLE,UNAVAILABLE,10,10,2026-08-16,2026-07-20,Gender only,4,18,78,NO DATA,7,9,UNAVAILABLE,UNAVAILABLE,2026-08-24,2026-08-14,2026-08-16,0,Aging,8,91
3,@leomessi,leomessi,Found,instagram,NONE,Leo Messi,Animal Lovers,https://www.instagram.com/leomessi,verified,False,516185245,516283723,369,1534,2.66,UNAVAILABLE,14487096,14487096,0,511404,43222221,UNAVAILABLE,UNAVAILABLE,10,10,2026-08-12,2025-11-10,Gender only,5,20,75,NO DATA,4,11,UNAVAILABLE,UNAVAILABLE,2026-08-24,2026-08-14,2026-08-12,0,Aging,9,95
4,@raffinagita1717,raffinagita1717,Found,instagram,NONE,Raffi Ahmad and Nagita Slavina,NULL,https://www.instagram.com/raffinagita1717,verified,False,75052814,75033211,7625,30422,0.52,0.000109,465860,465860,0,8730,474870,UNAVAILABLE,UNAVAILABLE,10,10,2026-08-20,2024-10-22,Gender only,15,15,70,NO DATA,4,8,UNAVAILABLE,UNAVAILABLE,2026-08-24,2026-08-14,2026-08-20,0,Aging,8,91
5,@lunamaya,lunamaya,Found,instagram,NONE,Luna Maya,Beauty,https://www.instagram.com/lunamaya,verified,False,37961844,37950413,2668,6102,0.03,0.00076,20779,20779,0,408,317720,UNAVAILABLE,UNAVAILABLE,10,10,2026-08-20,2026-06-05,Gender only,17,16,67,NO DATA,12,14,UNAVAILABLE,UNAVAILABLE,2026-08-24,2026-08-14,2026-08-20,0,Aging,8,95
6,@ibnuwardani,ibnuwardani,"Found - TikTok only, no Instagram row",tiktok,NONE,Ibnu Wardani,NULL,https://tiktok.com/@ibnuwardani,NULL,False,26200000,35000000,505,2483,NULL,0.003257,154211,154211,0,24609,2762680,4144,6273,10,10,2026-08-20,2026-02-19,Gender only,15,14,71,NO DATA,5,9,UNAVAILABLE,UNAVAILABLE,2026-08-24,2024-05-09,2026-08-20,0,Aging,9,82
7,@iben_ma,iben_ma,Found,instagram,tiktok,Benjamin Master Adhisurya,Entertainment,https://www.instagram.com/iben_ma,verified,False,3997609,4007007,3927,1597,1.46,0.020112,60427,60427,0,599,1441758,UNAVAILABLE,UNAVAILABLE,10,10,2026-08-19,2026-08-12,Gender only,15,23,62,NO DATA,9,11,UNAVAILABLE,UNAVAILABLE,2026-08-24,2026-08-14,2026-08-19,0,Aging,8,95
8,@inul.d,inul.d,Found,instagram,tiktok,Inul Daratista,NULL,https://www.instagram.com/inul.d,verified,False,20046665,20042625,3222,16571,0.01,0.000262,3672,3672,0,84,145224,UNAVAILABLE,UNAVAILABLE,10,10,2026-08-19,2026-08-17,Gender only,23,17,60,NO DATA,14,9,UNAVAILABLE,UNAVAILABLE,2026-08-24,2026-08-14,2026-08-20,0,Aging,8,91
9,@bbrightvc,bbrightvc,Found,instagram,NONE,NULL,Fashion,https://instagram.com/bbrightvc,NULL,NULL,18018065,NULL,NULL,NULL,NULL,UNAVAILABLE,UNAVAILABLE,UNAVAILABLE,0,UNAVAILABLE,UNAVAILABLE,UNAVAILABLE,UNAVAILABLE,0,0,UNAVAILABLE,UNAVAILABLE,NO DATA,NO DATA,NO DATA,NO DATA,NO DATA,0,0,UNAVAILABLE,UNAVAILABLE,UNAVAILABLE,2026-08-14,UNAVAILABLE,0,Unknown,6,20
10,@pevpearce,pevpearce,Found,instagram,NONE,Pevita Pearce,Lifestyle,https://www.instagram.com/pevpearce,verified,False,17452714,17448881,523,1615,0.28,0.004577,68276,68276,0,501,577656,UNAVAILABLE,UNAVAILABLE,10,10,2026-08-20,2026-07-04,Gender only,11,28,61,NO DATA,14,13,UNAVAILABLE,UNAVAILABLE,2026-08-24,2026-08-14,2026-08-20,0,Aging,8,91
11,@irwansyah_15,irwansyah_15,Found,instagram,NONE,Irwansyah,NULL,https://www.instagram.com/irwansyah_15,verified,False,14916540,14912349,701,4244,0.25,UNAVAILABLE,41746,139157,7,275,1428480,UNAVAILABLE,UNAVAILABLE,10,10,2026-08-17,2022-12-17,Gender only,28,11,61,NO DATA,11,15,UNAVAILABLE,UNAVAILABLE,2026-08-24,2026-08-14,2026-08-17,0,Aging,10,91
12,@fadiljaidi,fadiljaidi,Found,instagram,NONE,Fadil Jaidi,NULL,https://www.instagram.com/fadiljaidi,verified,False,14398391,14398933,1483,1512,3.07,UNAVAILABLE,485532,485532,0,1659,8239791,UNAVAILABLE,UNAVAILABLE,10,10,2026-08-18,2026-06-24,Gender only,15,6,79,NO DATA,5,8,UNAVAILABLE,UNAVAILABLE,2026-08-24,2026-08-14,2026-08-18,0,Aging,9,91
13,@saalhaerid,saalhaerid,Found,instagram,tiktok,SAID UDAY AL HAERID,NULL,https://www.instagram.com/saalhaerid,verified,False,2249679,2249680,707,207,0.72,0.00553,19563,19563,0,62,399921,UNAVAILABLE,UNAVAILABLE,10,10,2026-08-17,2025-12-26,Gender only,6,24,70,NO DATA,6,6,UNAVAILABLE,UNAVAILABLE,2026-08-24,2026-08-14,2026-08-17,0,Aging,8,91
14,@jharnabhagwani,jharnabhagwani,"Found - TikTok only, no Instagram row",tiktok,NONE,jharna bhagwani,NULL,https://tiktok.com/@jharnabhagwani,NULL,False,13200000,13200000,105,679,NULL,0.001872,3908147,3908147,0,22380,47997390,84069,233978,10,10,2026-08-18,2024-04-19,Gender only,18,8,74,NO DATA,7,10,UNAVAILABLE,UNAVAILABLE,2026-08-24,2024-05-09,2026-08-18,0,Aging,8,82
15,@sptrakori_,sptrakori_,"Found - TikTok only, no Instagram row",tiktok,NONE,sptrakori_,Entertainment,https://tiktok.com/@sptrakori_,NULL,False,13100000,20200000,1069,3489,NULL,0.006021,117007,117007,0,1438,843860,3178,6039,10,10,2026-08-20,2026-08-14,Gender only,25,6,69,NO DATA,7,8,UNAVAILABLE,UNAVAILABLE,2026-08-24,2024-05-11,2026-08-20,0,Aging,9,86
16,@lalitahutami,lalitahutami,"Found - TikTok only, no Instagram row",tiktok,NONE,Lita🐣,NULL,https://tiktok.com/@lalitahutami,NULL,False,12700000,13100000,433,1147,NULL,0.000637,16080,16080,0,94,392440,147,476,10,10,2026-08-14,2026-06-19,Gender only,14,7,79,NO DATA,7,9,UNAVAILABLE,UNAVAILABLE,2026-08-24,2024-05-09,2026-08-14,0,Aging,9,82
17,@isyanasarasvati,isyanasarasvati,Found,instagram,NONE,Isyana Sarasvati,Fashion,https://www.instagram.com/isyanasarasvati,verified,False,12292815,12286540,549,2177,0.12,UNAVAILABLE,997,4987,8,206,46489,UNAVAILABLE,UNAVAILABLE,10,10,2026-08-19,2026-05-20,Gender only,10,16,74,NO DATA,7,13,UNAVAILABLE,UNAVAILABLE,2026-08-24,2026-08-14,2026-08-19,0,Aging,10,95
18,@lambe_turah,lambe_turah,Found,instagram,NONE,OFFICIAL LAMBE TURAH ENTRNT,Entertainment,https://www.instagram.com/lambe_turah,verified,False,12163586,12167763,1,24089,0.08,0.000978,9954,9954,0,1940,UNAVAILABLE,UNAVAILABLE,UNAVAILABLE,10,10,2026-08-20,2026-08-19,Gender only,9,11,80,NO DATA,6,11,UNAVAILABLE,UNAVAILABLE,2026-08-24,2026-08-14,2026-08-20,0,Aging,7,90
19,@ditanganu,ditanganu,"Found - TikTok only, no Instagram row",tiktok,NONE,DitaKerang🌊,NULL,https://tiktok.com/@ditanganu,NULL,False,12100000,14900000,237,5579,NULL,0.000577,8170,8170,0,133,96298,301,289,10,10,2026-08-20,2026-08-18,Gender only,21,11,68,NO DATA,7,5,UNAVAILABLE,UNAVAILABLE,2026-08-24,2024-05-09,2026-08-20,0,Aging,9,82
20,@hesfinatia,hesfinatia,"Found - TikTok only, no Instagram row",tiktok,NONE,PINAT🍅,Entertainment,https://tiktok.com/@hesfinatia,NULL,False,12000000,15000000,476,2606,NULL,0.018093,264020,264020,0,714,2383810,4716,5533,10,10,2026-08-17,2026-08-10,Gender only,18,2,80,NO DATA,6,8,UNAVAILABLE,UNAVAILABLE,2026-08-24,2024-05-11,2026-08-17,0,Aging,9,86
21,@erickapinedao9,NOT FOUND,NOT FOUND IN DATABASE,NOT FOUND,NOT FOUND,NOT FOUND,NOT FOUND,NOT FOUND,NOT FOUND,NOT FOUND,NOT FOUND,NOT FOUND,NOT FOUND,NOT FOUND,NOT FOUND,NOT FOUND,NOT FOUND,NOT FOUND,NOT FOUND,NOT FOUND,NOT FOUND,NOT FOUND,NOT FOUND,NOT FOUND,NOT FOUND,NOT FOUND,NOT FOUND,NOT FOUND,NOT FOUND,NOT FOUND,NOT FOUND,NOT FOUND,NOT FOUND,NOT FOUND,NOT FOUND,NOT FOUND,NOT FOUND,NOT FOUND,NOT FOUND,NOT FOUND,NOT FOUND,2,0
22,@anyageraldine,anyageraldine,Found,instagram,NONE,AG.,Lifestyle,https://www.instagram.com/anyageraldine,verified,False,11208273,11205230,1122,2798,0.6,0.004523,82741,82741,0,710,230982,UNAVAILABLE,UNAVAILABLE,10,10,2026-08-16,2023-10-12,Gender only,10,29,61,NO DATA,10,9,UNAVAILABLE,UNAVAILABLE,2026-08-24,2026-08-14,2026-08-16,0,Aging,8,95
23,@shabiraaluaadnan,NOT FOUND,NOT FOUND IN DATABASE,NOT FOUND,NOT FOUND,NOT FOUND,NOT FOUND,NOT FOUND,NOT FOUND,NOT FOUND,NOT FOUND,NOT FOUND,NOT FOUND,NOT FOUND,NOT FOUND,NOT FOUND,NOT FOUND,NOT FOUND,NOT FOUND,NOT FOUND,NOT FOUND,NOT FOUND,NOT FOUND,NOT FOUND,NOT FOUND,NOT FOUND,NOT FOUND,NOT FOUND,NOT FOUND,NOT FOUND,NOT FOUND,NOT FOUND,NOT FOUND,NOT FOUND,NOT FOUND,NOT FOUND,NOT FOUND,NOT FOUND,NOT FOUND,NOT FOUND,NOT FOUND,2,0
24,@pojoksatu.id,pojoksatu.id,"Found - TikTok only, no Instagram row",tiktok,NONE,Pojoksatu,NULL,https://tiktok.com/@pojoksatu.id,NULL,False,10500000,11000000,39,1833,0.01,0.000221,2298,2298,0,51,59236,65,49,10,10,2026-08-20,2026-08-20,Gender only,4,11,85,NO DATA,9,8,UNAVAILABLE,UNAVAILABLE,2026-08-24,2023-08-16,2026-08-20,0,Aging,9,82
