date,profile_visits
2026-01-01,775
2026-01-02,231
2026-01-03,225
2026-01-04,698
2026-01-05,721
2026-01-06,333
2026-01-07,372
2026-01-08,647
2026-01-09,778
2026-01-10,117
2026-01-11,616
2026-01-12,72
2026-01-13,347
2026-01-14,725
2026-01-15,459
2026-01-16,584
2026-01-17,553
2026-01-18,376
2026-01-19,221
2026-01-20,223
2026-01-21,220
2026-01-22,310
2026-01-23,300
2026-01-24,642
2026-01-25,692
2026-01-26,631
2026-01-27,225
2026-01-28,105
2026-01-29,143
2026-01-30,433
2026-01-31,714
2026-02-01,774
2026-02-02,354
2026-02-03,388
2026-02-04,384
2026-02-05,623
2026-02-06,173
2026-02-07,650
2026-02-08,631
2026-02-09,667
2026-02-10,118
2026-02-11,198
2026-02-12,753
2026-02-13,209
2026-02-14,482
2026-02-15,414
2026-02-16,288
2026-02-17,82
2026-02-18,655
2026-02-19,764
2026-02-20,548
2026-02-21,681
2026-02-22,713
2026-02-23,387
2026-02-24,135
2026-02-25,216
2026-02-26,314
2026-02-27,572
2026-02-28,437
2026-03-01,592
2026-03-02,105
2026-03-03,372
2026-03-04,178
2026-03-05,355
2026-03-06,727
2026-03-07,662
2026-03-08,775
2026-03-09,211
2026-03-10,649
2026-03-11,666
2026-03-12,308
2026-03-13,332
2026-03-14,311
2026-03-15,189
2026-03-16,111
2026-03-17,97
2026-03-18,600
2026-03-19,147
2026-03-20,736
2026-03-21,582
2026-03-22,437
2026-03-23,746
2026-03-24,630
2026-03-25,623
2026-03-26,713
2026-03-27,769
2026-03-28,226
2026-03-29,143
2026-03-30,726
2026-03-31,697
2026-04-01,97
2026-04-02,536
2026-04-03,671
2026-04-04,541
2026-04-05,176
2026-04-06,631
2026-04-07,674
2026-04-08,778
2026-04-09,623
2026-04-10,335
2026-04-11,357
2026-04-12,292
2026-04-13,220
2026-04-14,534
2026-04-15,419
2026-04-16,560
2026-04-17,232
2026-04-18,651
2026-04-19,170
2026-04-20,508
2026-04-21,72
2026-04-22,770
2026-04-23,514
2026-04-24,638
2026-04-25,501
2026-04-26,305
2026-04-27,356
2026-04-28,588
2026-04-29,526
2026-04-30,495
2026-05-01,294
2026-05-02,727
2026-05-03,523
2026-05-04,533
2026-05-05,776
2026-05-06,243
2026-05-07,721
2026-05-08,603
2026-05-09,608
2026-05-10,464
2026-05-11,782
2026-05-12,302
2026-05-13,310
2026-05-14,226
2026-05-15,141
2026-05-16,406
2026-05-17,227
2026-05-18,268
2026-05-19,187
2026-05-20,76
2026-05-21,412
2026-05-22,453
2026-05-23,118
2026-05-24,398
