date,engagements
2026-01-01,424
2026-01-02,260
2026-01-03,157
2026-01-04,577
2026-01-05,804
2026-01-06,526
2026-01-07,247
2026-01-08,396
2026-01-09,422
2026-01-10,555
2026-01-11,348
2026-01-12,666
2026-01-13,564
2026-01-14,714
2026-01-15,224
2026-01-16,705
2026-01-17,273
2026-01-18,389
2026-01-19,810
2026-01-20,347
2026-01-21,316
2026-01-22,245
2026-01-23,729
2026-01-24,458
2026-01-25,250
2026-01-26,617
2026-01-27,676
2026-01-28,299
2026-01-29,315
2026-01-30,232
2026-01-31,257
2026-02-01,695
2026-02-02,205
2026-02-03,434
2026-02-04,504
2026-02-05,579
2026-02-06,281
2026-02-07,375
2026-02-08,149
2026-02-09,814
2026-02-10,200
2026-02-11,550
2026-02-12,735
2026-02-13,450
2026-02-14,162
2026-02-15,413
2026-02-16,545
2026-02-17,475
2026-02-18,797
2026-02-19,180
2026-02-20,456
2026-02-21,252
2026-02-22,286
2026-02-23,491
2026-02-24,207
2026-02-25,807
2026-02-26,135
2026-02-27,780
2026-02-28,299
2026-03-01,485
2026-03-02,414
2026-03-03,434
2026-03-04,615
2026-03-05,464
2026-03-06,702
2026-03-07,388
2026-03-08,659
2026-03-09,622
2026-03-10,411
2026-03-11,713
2026-03-12,316
2026-03-13,637
2026-03-14,737
2026-03-15,256
2026-03-16,355
2026-03-17,745
2026-03-18,379
2026-03-19,193
2026-03-20,637
2026-03-21,633
2026-03-22,813
2026-03-23,746
2026-03-24,653
2026-03-25,757
2026-03-26,598
2026-03-27,664
2026-03-28,489
2026-03-29,682
2026-03-30,489
2026-03-31,355
2026-04-01,271
2026-04-02,791
2026-04-03,235
2026-04-04,283
2026-04-05,205
2026-04-06,200
2026-04-07,525
2026-04-08,522
2026-04-09,515
2026-04-10,121
2026-04-11,347
2026-04-12,796
2026-04-13,240
2026-04-14,239
2026-04-15,277
2026-04-16,546
2026-04-17,294
2026-04-18,565
2026-04-19,335
2026-04-20,208
2026-04-21,597
2026-04-22,364
2026-04-23,497
2026-04-24,132
2026-04-25,527
2026-04-26,214
2026-04-27,480
2026-04-28,431
2026-04-29,803
2026-04-30,513
2026-05-01,799
2026-05-02,211
2026-05-03,266
2026-05-04,265
2026-05-05,704
2026-05-06,751
2026-05-07,177
2026-05-08,366
2026-05-09,295
2026-05-10,188
2026-05-11,361
2026-05-12,805
2026-05-13,413
2026-05-14,152
2026-05-15,425
2026-05-16,673
2026-05-17,755
2026-05-18,308
2026-05-19,376
2026-05-20,441
2026-05-21,149
2026-05-22,128
2026-05-23,676
2026-05-24,467
