date,reposts
2026-01-01,21
2026-01-02,26
2026-01-03,125
2026-01-04,99
2026-01-05,62
2026-01-06,101
2026-01-07,131
2026-01-08,27
2026-01-09,32
2026-01-10,57
2026-01-11,101
2026-01-12,13
2026-01-13,83
2026-01-14,24
2026-01-15,87
2026-01-16,51
2026-01-17,114
2026-01-18,113
2026-01-19,30
2026-01-20,90
2026-01-21,99
2026-01-22,143
2026-01-23,146
2026-01-24,23
2026-01-25,58
2026-01-26,49
2026-01-27,58
2026-01-28,112
2026-01-29,39
2026-01-30,22
2026-01-31,67
2026-02-01,130
2026-02-02,149
2026-02-03,75
2026-02-04,95
2026-02-05,51
2026-02-06,107
2026-02-07,139
2026-02-08,22
2026-02-09,144
2026-02-10,109
2026-02-11,133
2026-02-12,148
2026-02-13,64
2026-02-14,135
2026-02-15,58
2026-02-16,133
2026-02-17,106
2026-02-18,80
2026-02-19,131
2026-02-20,134
2026-02-21,87
2026-02-22,24
2026-02-23,11
2026-02-24,40
2026-02-25,107
2026-02-26,69
2026-02-27,125
2026-02-28,93
2026-03-01,116
2026-03-02,15
2026-03-03,93
2026-03-04,50
2026-03-05,68
2026-03-06,55
2026-03-07,89
2026-03-08,25
2026-03-09,63
2026-03-10,91
2026-03-11,19
2026-03-12,35
2026-03-13,43
2026-03-14,140
2026-03-15,131
2026-03-16,48
2026-03-17,10
2026-03-18,74
2026-03-19,146
2026-03-20,135
2026-03-21,144
2026-03-22,122
2026-03-23,102
2026-03-24,145
2026-03-25,142
2026-03-26,79
2026-03-27,70
2026-03-28,57
2026-03-29,72
2026-03-30,40
2026-03-31,59
2026-04-01,126
2026-04-02,107
2026-04-03,136
2026-04-04,143
2026-04-05,71
2026-04-06,10
2026-04-07,49
2026-04-08,90
2026-04-09,66
2026-04-10,86
2026-04-11,77
2026-04-12,94
2026-04-13,142
2026-04-14,16
2026-04-15,144
2026-04-16,145
2026-04-17,16
2026-04-18,57
2026-04-19,111
2026-04-20,62
2026-04-21,85
2026-04-22,34
2026-04-23,58
2026-04-24,132
2026-04-25,119
2026-04-26,89
2026-04-27,75
2026-04-28,145
2026-04-29,37
2026-04-30,56
2026-05-01,141
2026-05-02,114
2026-05-03,90
2026-05-04,81
2026-05-05,87
2026-05-06,85
2026-05-07,28
2026-05-08,19
2026-05-09,54
2026-05-10,136
2026-05-11,19
2026-05-12,140
2026-05-13,107
2026-05-14,78
2026-05-15,12
2026-05-16,76
2026-05-17,59
2026-05-18,59
2026-05-19,132
2026-05-20,29
2026-05-21,136
2026-05-22,140
2026-05-23,47
2026-05-24,53
