date,bookmarks
2026-01-01,5
2026-01-02,12
2026-01-03,1
2026-01-04,21
2026-01-05,25
2026-01-06,25
2026-01-07,21
2026-01-08,38
2026-01-09,37
2026-01-10,25
2026-01-11,4
2026-01-12,29
2026-01-13,22
2026-01-14,32
2026-01-15,22
2026-01-16,34
2026-01-17,10
2026-01-18,13
2026-01-19,35
2026-01-20,33
2026-01-21,38
2026-01-22,39
2026-01-23,16
2026-01-24,4
2026-01-25,23
2026-01-26,0
2026-01-27,18
2026-01-28,9
2026-01-29,6
2026-01-30,17
2026-01-31,2
2026-02-01,14
2026-02-02,2
2026-02-03,31
2026-02-04,8
2026-02-05,13
2026-02-06,28
2026-02-07,26
2026-02-08,39
2026-02-09,18
2026-02-10,20
2026-02-11,23
2026-02-12,28
2026-02-13,28
2026-02-14,15
2026-02-15,33
2026-02-16,0
2026-02-17,1
2026-02-18,24
2026-02-19,39
2026-02-20,36
2026-02-21,22
2026-02-22,1
2026-02-23,20
2026-02-24,8
2026-02-25,23
2026-02-26,27
2026-02-27,35
2026-02-28,14
2026-03-01,22
2026-03-02,25
2026-03-03,25
2026-03-04,30
2026-03-05,12
2026-03-06,23
2026-03-07,38
2026-03-08,24
2026-03-09,22
2026-03-10,27
2026-03-11,2
2026-03-12,18
2026-03-13,37
2026-03-14,17
2026-03-15,17
2026-03-16,4
2026-03-17,25
2026-03-18,29
2026-03-19,11
2026-03-20,37
2026-03-21,31
2026-03-22,3
2026-03-23,30
2026-03-24,13
2026-03-25,5
2026-03-26,39
2026-03-27,0
2026-03-28,15
2026-03-29,36
2026-03-30,13
2026-03-31,32
2026-04-01,32
2026-04-02,11
2026-04-03,1
2026-04-04,32
2026-04-05,39
2026-04-06,6
2026-04-07,3
2026-04-08,38
2026-04-09,30
2026-04-10,4
2026-04-11,27
2026-04-12,30
2026-04-13,26
2026-04-14,26
2026-04-15,27
2026-04-16,25
2026-04-17,2
2026-04-18,21
2026-04-19,20
2026-04-20,10
2026-04-21,33
2026-04-22,37
2026-04-23,18
2026-04-24,17
2026-04-25,17
2026-04-26,34
2026-04-27,8
2026-04-28,13
2026-04-29,5
2026-04-30,22
2026-05-01,18
2026-05-02,1
2026-05-03,32
2026-05-04,7
2026-05-05,4
2026-05-06,29
2026-05-07,12
2026-05-08,36
2026-05-09,0
2026-05-10,37
2026-05-11,2
2026-05-12,21
2026-05-13,22
2026-05-14,9
2026-05-15,30
2026-05-16,22
2026-05-17,23
2026-05-18,10
2026-05-19,8
2026-05-20,11
2026-05-21,39
2026-05-22,3
2026-05-23,7
2026-05-24,16
